{
	"canvas": {
		"dpi": 96,
		"height": 400,
		"width": 300
	},
	"colors": [
		{
			"b": 33,
			"g": 236,
			"r": 250
		}
	],
	"strokes": [
		{
			"color_id": 0,
			"p0": {
				"x": 161.9206140827814,
				"y": 215.16242605341006
			},
			"p1": {
				"x": 139.36844263985134,
				"y": 202.22952835432088
			},
			"p2": {
				"x": 130.0793588971396,
				"y": 201.3696104906341
			},
			"type": "quadratic_bezier",
			"width": 5.999999999999999
		}
	]
}