{
	"canvas": {
		"dpi": 96,
		"height": 400,
		"width": 300
	},
	"colors": [
		{
			"b": 33,
			"g": 236,
			"r": 250
		}
	],
	"strokes": [
		{
			"color_id": 0,
			"p0": {
				"x": 161.9206140827814,
				"y": 215.16242605341006
			},
			"p1": {
				"x": 139.36844263985134,
				"y": 202.22952835432088
			},
			"p2": {
				"x": 130.0793588971396,
				"y": 201.3696104906341
			},
			"type": "quadratic_bezier",
			"width": 5.999999999999999
		},
		{
			"color_id": 0,
			"p0": {
				"x": 153.76311191046244,
				"y": 205.99443664892067
			},
			"p1": {
				"x": 152.07545655090925,
				"y": 190.74402527162772
			},
			"p2": {
				"x": 139.27115528661164,
				"y": 187.60268436714838
			},
			"type": "quadratic_bezier",
			"width": 5.999999999999999
		},
		{
			"color_id": 0,
			"p0": {
				"x": 165.90701230243133,
				"y": 204.98823554324582
			},
			"p1": {
				"x": 159.41362990604924,
				"y": 181.94735207659824
			},
			"p2": {
				"x": 162.54794981435097,
				"y": 177.65421856465008
			},
			"type": "quadratic_bezier",
			"width": 5.999999999999999
		},
		{
			"color_id": 0,
			"p0": {
				"x": 135.94925386664528,
				"y": 188.27468999470227
			},
			"p1": {
				"x": 141.78795277669263,
				"y": 184.55367878995347
			},
			"p2": {
				"x": 141.49600072727836,
				"y": 183.1151576216667
			},
			"type": "quadratic_bezier",
			"width": 5.999999952740592
		}
	]
}