{
	"canvas": {
		"dpi": 96,
		"height": 400,
		"width": 300
	},
	"colors": [
		{
			"b": 33,
			"g": 236,
			"r": 250
		}
	],
	"strokes": [
		{
			"color_id": 0,
			"p0": {
				"x": 157.57498527568765,
				"y": 181.01112284344066
			},
			"p1": {
				"x": 158.61571581752528,
				"y": 183.81906174258344
			},
			"p2": {
				"x": 135.07508922112507,
				"y": 192.64699801563535
			},
			"type": "quadratic_bezier",
			"width": 5.999999999999999
		}
	]
}