{
	"canvas": {
		"dpi": 96,
		"height": 400,
		"width": 300
	},
	"colors": [
		{
			"b": 33,
			"g": 236,
			"r": 250
		}
	],
	"strokes": [
		{
			"color_id": 0,
			"p0": {
				"x": 165.90701230243133,
				"y": 204.98823554324582
			},
			"p1": {
				"x": 159.41362990604924,
				"y": 181.94735207659824
			},
			"p2": {
				"x": 162.54794981435097,
				"y": 177.65421856465008
			},
			"type": "quadratic_bezier",
			"width": 5.999999999999999
		}
	]
}