{
	"canvas": {
		"dpi": 96,
		"height": 400,
		"width": 300
	},
	"colors": [
		{
			"b": 33,
			"g": 236,
			"r": 250
		}
	],
	"strokes": [
		{
			"color_id": 0,
			"p0": {
				"x": 153.76311191046244,
				"y": 205.99443664892067
			},
			"p1": {
				"x": 152.07545655090925,
				"y": 190.74402527162772
			},
			"p2": {
				"x": 139.27115528661164,
				"y": 187.60268436714838
			},
			"type": "quadratic_bezier",
			"width": 5.999999999999999
		}
	]
}