{
	"canvas": {
		"dpi": 96,
		"height": 400,
		"width": 300
	},
	"colors": [
		{
			"b": 33,
			"g": 236,
			"r": 250
		}
	],
	"strokes": [
		{
			"color_id": 0,
			"p0": {
				"x": 155.9172721782281,
				"y": 188.25948976950744
			},
			"p1": {
				"x": 156.33711233656987,
				"y": 188.0513713689021
			},
			"p2": {
				"x": 163.21083918781446,
				"y": 201.65957025244415
			},
			"type": "quadratic_bezier",
			"width": 5.999999999999999
		}
	]
}