{
	"canvas": {
		"dpi": 96,
		"height": 400,
		"width": 300
	},
	"colors": [
		{
			"b": 33,
			"g": 236,
			"r": 250
		}
	],
	"strokes": [
		{
			"color_id": 0,
			"p0": {
				"x": 135.94925386664528,
				"y": 188.27468999470227
			},
			"p1": {
				"x": 141.78795277669263,
				"y": 184.55367878995347
			},
			"p2": {
				"x": 141.49600072727836,
				"y": 183.1151576216667
			},
			"type": "quadratic_bezier",
			"width": 5.999999952740592
		}
	]
}